Spaghetti Carbonara,Spaghetti,Pancetta,Eggs,Parmesan cheese,Garlic,Black pepper,Olive oil
Chicken Curry,Chicken breast,Curry powder,Coconut milk,Onion,Garlic,Ginger,Tomato paste,Vegetable oil
Caesar Salad,Romaine lettuce,Grilled chicken,Croutons,Parmesan cheese,Caesar dressing,Lemon juice,Worcestershire sauce,Dijon mustard,Olive oil,Garlic
Margherita Pizza,Pizza dough,Tomato sauce,Mozzarella cheese,Fresh basil leaves,Olive oil,Garlic
Beef Tacos,Ground beef,Taco seasoning,Tortillas,Lettuce,Tomato,Onion,Cheese,Sour cream,Salsa
Chocolate Chip Cookies,Butter,Sugar,Brown sugar,Eggs,Vanilla extract,Flour,Baking soda,Salt,Chocolate chips
Chicken Noodle Soup,Chicken broth,Chicken breasts,Egg noodles,Carrots,Celery,Onion,Garlic,Bay leaf,Thyme
Pancakes,Flour,Sugar,Baking powder,Milk,Eggs,Butter,Maple syrup
Fish and Chips,White fish,Potatoes,Flour,Beer,Baking powder,Salt,Vegetable oil
Sushi Rolls,Sushi rice,Nori seaweed sheets,Raw fish,Vegetables,Soy sauce,Wasabi,Ginger
Chicken Alfredo Pasta,Chicken breast,Fettuccine pasta,Alfredo sauce,Garlic,Parmesan cheese,Butter,Heavy cream
Caprese Salad,Fresh tomatoes,Fresh mozzarella cheese,Fresh basil leaves,Balsamic glaze,Olive oil
Baked Salmon,Salmon fillets,Lemon,Dill,Garlic,Olive oil,Salt,Black pepper
Chicken Quesadillas,Chicken breast,Tortillas,Cheese,Onion,Bell peppers,Salsa,Sour cream,Guacamole

